{"8": {"comp": 2240000, "acc": 0.763265306122449, "device": "Xiaomi Redmi Note 7 Pro", "sample_num": 2197}, "10": {"comp": 2240000, "acc": 0.7836734693877551, "device": "Xiaomi Redmi Note 7 Pro", "sample_num": 2197}, "5": {"comp": 2240000, "acc": 0.7795918367346939, "device": "Xiaomi Redmi Note 7 Pro", "sample_num": 2197}, "16": {"comp": 2240000, "acc": 0.8204081632653061, "device": "Xiaomi Redmi Note 7 Pro", "sample_num": 2197}, "1": {"comp": 2240000, "acc": 0.8448979591836735, "device": "Xiaomi Redmi Note 7 Pro", "sample_num": 2197}, "0": {"comp": 2240000, "acc": 0.8081632653061225, "device": "Xiaomi Redmi Note 7 Pro", "sample_num": 2197}, "9": {"comp": 2240000, "acc": 0.8408163265306122, "device": "Xiaomi Redmi Note 7 Pro", "sample_num": 2197}, "18": {"comp": 2240000, "acc": 0.8285714285714286, "device": "Xiaomi Redmi Note 7 Pro", "sample_num": 2197}, "17": {"comp": 2240000, "acc": 0.8408163265306122, "device": "Xiaomi Redmi Note 7 Pro", "sample_num": 2197}, "15": {"comp": 2240000, "acc": 0.746938775510204, "device": "Xiaomi Redmi Note 7 Pro", "sample_num": 2197}, "13": {"comp": 2240000, "acc": 0.7877551020408163, "device": "Xiaomi Redmi Note 7 Pro", "sample_num": 2197}, "19": {"comp": 2240000, "acc": 0.7918367346938775, "device": "Xiaomi Redmi Note 7 Pro", "sample_num": 2197}, "4": {"comp": 2240000, "acc": 0.8408163265306122, "device": "Xiaomi Redmi Note 7 Pro", "sample_num": 2197}, "3": {"comp": 2240000, "acc": 0.8163265306122449, "device": "Xiaomi Redmi Note 7 Pro", "sample_num": 2197}, "11": {"comp": 2240000, "acc": 0.7510204081632653, "device": "Xiaomi Redmi Note 7 Pro", "sample_num": 2197}, "7": {"comp": 2240000, "acc": 0.8204081632653061, "device": "Xiaomi Redmi Note 7 Pro", "sample_num": 2197}, "6": {"comp": 2240000, "acc": 0.8040816326530612, "device": "Xiaomi Redmi Note 7 Pro", "sample_num": 2197}, "14": {"comp": 2240000, "acc": 0.8163265306122449, "device": "Xiaomi Redmi Note 7 Pro", "sample_num": 2197}, "2": {"comp": 2240000, "acc": 0.7877551020408163, "device": "Xiaomi Redmi Note 7 Pro", "sample_num": 2197}, "12": {"comp": 2240000, "acc": 0.7877551020408163, "device": "Xiaomi Redmi Note 7 Pro", "sample_num": 2197}}