{"2": {"comp": 2750000, "acc": 0.7806873977086743, "device": "Xiaomi Redmi Note 7 Pro", "sample_num": 5494}, "3": {"comp": 2750000, "acc": 0.806873977086743, "device": "Xiaomi Redmi Note 7 Pro", "sample_num": 5494}, "5": {"comp": 2750000, "acc": 0.8216039279869067, "device": "Xiaomi Redmi Note 7 Pro", "sample_num": 5494}, "6": {"comp": 2750000, "acc": 0.79050736497545, "device": "Xiaomi Redmi Note 7 Pro", "sample_num": 5494}, "7": {"comp": 2750000, "acc": 0.8379705400981997, "device": "Xiaomi Redmi Note 7 Pro", "sample_num": 5494}, "1": {"comp": 2750000, "acc": 0.8019639934533551, "device": "Xiaomi Redmi Note 7 Pro", "sample_num": 5494}, "0": {"comp": 2750000, "acc": 0.8036006546644845, "device": "Xiaomi Redmi Note 7 Pro", "sample_num": 5494}, "4": {"comp": 2750000, "acc": 0.795417348608838, "device": "Xiaomi Redmi Note 7 Pro", "sample_num": 5494}}